id,speed
0,47.61417032
1,47.36757423
2,40.29771535
3,29.70646398
4,39.42697125
5,27.22797513
6,16.50823176
7,49.35948452
8,48.31582514
9,35.8080854
10,30.58353395
11,26.93272824
12,26.142541
13,24.55604398
14,26.52782918
15,39.20941004
16,41.98929925
17,45.77662081
18,48.6223396
19,48.98241279
20,46.45481115
21,44.03071196
22,19.33558735
23,27.98547736
24,23.38418594
25,20.13103361
26,19.6187821
27,19.39843105
28,17.80404618
29,14.23527902
30,23.94449183
31,45.93028854
32,49.26897216
33,35.76800898
34,21.06969509
35,18.71922088
36,17.98928608
37,17.73659883
38,42.99397505
39,40.80559524
40,44.06462869
41,47.26736427
42,49.08347448
43,44.51570022
44,20.1777709
45,17.32674893
46,17.68644059
47,12.57738757
48,41.25723005
49,49.65374761
50,48.73615121
51,15.99826049
52,21.14618657
53,19.931644
54,18.53184113
55,16.88442661
56,8.885536646
57,11.05796445
58,18.39912007
59,35.35239933
60,39.99949841
61,43.13252052
62,37.54524343
63,42.04457656
64,40.64770221
65,48.46217018
66,46.83714858
67,47.01587081
68,43.96066028
69,28.76983157
70,21.4467897
71,19.33194257
72,17.55142338
73,20.14883737
74,15.50418674
75,10.02829553
76,38.68447533
77,33.82917264
78,40.77821072
79,47.09009135
80,11.70792344
81,15.86208487
82,25.14374844
83,16.19155356
84,15.23872994
85,13.19725953
86,21.91422098
87,39.58670271
88,44.16769406
89,41.17033368
90,48.77631972
91,47.80847491
92,47.27030568
93,45.54097486
94,31.94361272
95,17.24681004
96,24.21307505
97,16.32571785
98,13.08359071
99,21.7881108
100,40.74103244
101,47.46111556
102,15.99396197
103,17.33020162
104,13.30291135
105,44.01465968
106,34.11223723
107,49.75469167
108,42.01717145
109,9.310186364
110,17.25451005
111,17.06131874
112,25.21977898
113,37.65367137
114,45.21841473
115,48.14817942
116,48.60771638
117,43.10373314
118,27.3530778
119,24.18425042
120,20.81959956
121,16.41806169
122,33.37304985
123,48.02562118
124,49.25118019
125,41.36506939
126,39.99844791
127,40.3743197
128,44.87086229
129,37.76498206
130,49.84487921
131,46.72755158
132,46.03181261
133,29.42359699
134,22.8724149
135,25.25088035
136,39.20174569
137,45.56383447
138,51.50363966
139,47.2171405
140,46.99562392
141,44.76630812
142,26.19122334
143,15.60497748
144,22.68057167
145,18.21020977
146,19.3392398
147,49.17695668
148,51.71858034
149,48.06642862
150,47.95527789
151,15.93827552
152,15.14215629
153,15.07168453
154,9.329895069
155,22.74581824
156,36.32794692
157,44.43565737
158,41.06789413
159,46.20409876
160,49.30357402
161,51.78927521
162,48.40670961
163,47.30015896
164,45.58251729
165,25.74853982
166,14.98892838
167,19.3950965
168,17.4717649
169,18.32092783
170,11.81914067
171,11.95315906
172,45.78571146
173,48.34440463
174,44.7437301
175,25.820673
176,18.89527915
177,16.98155897
178,18.58257606
179,10.3948639
180,44.86427863
181,48.37366219
182,48.71101721
183,48.83835839
184,40.68894252
185,20.11377161
186,19.65383636
187,40.42743423
188,33.08794519
189,49.24407227
190,44.9414991
191,45.82015757
192,38.1702845
193,39.3990425
194,35.57943212
195,37.46156714
196,36.68608554
197,42.79002035
198,38.03387374
199,48.66605707
200,45.82239657
201,24.21376672
202,25.38509906
203,17.84606955
204,18.20830224
205,21.31384636
206,39.26901608
207,42.57925919
208,49.03289121
209,48.7700043
210,47.27678792
211,46.75613581
212,26.92877846
213,12.62017637
214,19.9012788
215,21.99391688
216,17.77226557
217,24.5782755
218,44.40673686
219,48.14608641
220,46.92203328
221,46.36312627
222,27.46626908
223,16.4308993
224,11.55591765
225,26.28226781
226,46.80178164
227,48.55120635
228,16.19642066
229,25.72020204
230,20.58067763
231,20.71857608
232,43.25279949
233,48.58370328
234,47.26294458
235,19.6481933
236,25.18883124
237,22.68680151
238,24.58712995
239,43.23706185
240,35.54768913
241,38.67562125
242,49.16634846
243,48.9192666
244,48.64803957
245,48.40744692
246,27.53686954
247,25.23473509
248,19.99614743
249,19.69340335
250,19.98666829
251,33.4628129
252,42.53748529
253,30.68485196
254,34.56542343
255,46.94954107
256,46.61524458
257,47.40207982
258,43.32442341
259,42.23841513
260,39.5317536
261,34.87657891
262,39.97470417
263,42.41875546
264,32.83317753
265,42.36171207
266,47.55102482
267,45.44234265
268,21.09468046
269,20.53605755
270,18.17139882
271,18.07831885
272,19.36221348
273,17.52590155
274,46.0013746
275,47.79596368
276,47.82536068
277,47.65288627
278,26.45484639
279,13.9941139
280,17.27654135
281,22.89221341
282,21.7578483
283,17.49820226
284,14.80416105
285,13.34821497
286,48.09773377
287,48.55491462
288,10.22056304
289,15.37188131
290,16.24860676
291,14.03649865
292,12.23823521
293,27.31927724
294,46.14436642
295,48.75120148
296,48.93542681
297,39.38899917
298,26.18728505
299,31.59111846
300,27.38111744
301,20.42183192
302,27.95345741
303,41.49821573
304,41.59597366
305,49.80979664
306,48.60927206
307,49.72023784
308,45.32003447
309,36.63931135
310,17.55478286
311,10.51192089
312,42.3690639
313,38.04292252
314,43.32468563
315,48.87947989
316,47.74361066
317,45.70872415
318,39.41629172
319,41.63633512
320,45.88198637
321,46.83398728
322,46.62985605
323,46.23839898
324,33.17696594
325,33.08602844
326,41.20627227
327,40.28372869
328,37.90191763
329,30.09296226
330,29.42660644
331,39.9869839
332,40.92827735
333,42.59157207
334,39.9900082
335,44.2779791
336,46.519552
337,46.87893841
338,16.20336003
339,20.73677557
340,18.5299048
341,30.2024729
342,42.15078303
343,43.56396223
344,47.58483262
345,48.15794964
346,46.48621475
347,18.72790575
348,38.40254916
349,48.75474226
350,49.15794277
351,48.08407657
352,35.23502261
353,16.64069626
354,24.54826452
355,18.14475449
356,16.88691135
357,24.82000529
358,40.97635615
359,46.20948615
360,46.20534288
361,50.00765886
362,17.83467971
363,24.11958128
364,16.4192306
365,16.71199486
366,14.10781543
367,23.95273633
368,41.10792258
369,48.71592127
370,49.13312674
371,49.25460116
372,48.40841695
373,17.65354246
374,19.27605922
375,10.36902941
376,19.17985276
377,38.64316991
378,43.8507635
379,49.01518723
380,28.01582731
381,17.72655315
382,15.93711663
383,29.2407816
384,50.3530492
385,47.92164391
386,47.80049923
387,33.93523372
388,34.79599585
389,35.63474842
390,35.61421942
391,39.55344402
392,46.84715532
393,47.65199862
394,47.53495404
395,23.04952839
396,18.64519522
397,23.8299959
398,20.40416637
399,19.13654086
400,12.12348675
401,39.04664473
402,35.43683694
403,47.86354335
404,47.47703041
405,46.14842563
406,36.18880498
407,16.53487447
408,17.82549694
409,19.06513663
410,17.63287395
411,14.73189922
412,41.96138708
413,39.21887677
414,44.03152837
415,48.95373186
416,48.16178213
417,48.37862406
418,47.5966541
419,34.16390845
420,17.75852001
421,12.71150967
422,44.17401167
423,40.45478217
424,48.82177128
425,48.87310295
426,48.11676575
427,39.50330442
428,31.80847388
429,42.79291169
430,41.06558247
431,48.19199348
432,47.44374304
433,44.37115743
434,28.95852563
435,34.2125725
436,26.42220449
437,25.54664665
438,48.34191976
439,47.73828665
440,48.46100485
441,41.06138964
442,33.39444341
443,35.0908899
444,31.05727781
445,35.28973074
446,27.34968226
447,36.09545131
448,45.91372364
449,46.19329306
450,45.16469046
451,45.56601974
452,46.34619947
453,43.98418629
454,44.32925432
455,42.53452669
456,43.09138419
457,45.45159779
458,47.98303932
459,48.89500563
460,37.22100808
461,25.66551718
462,28.48175311
463,26.19409476
464,34.15577365
465,39.20637963
466,47.60022691
467,48.66284201
468,47.88519436
469,46.98791907
470,22.61278854
471,29.48316585
472,28.06470121
473,24.45389733
474,16.37399292
475,26.76048317
476,47.80548761
477,47.00795996
478,43.04804248
479,29.67042171
480,32.0270573
481,26.60993934
482,26.67904636
483,46.65891219
484,47.5978581
485,47.0753865
486,34.62824603
487,40.25727346
488,29.33204212
489,14.32167673
490,12.44839257
491,37.70858233
492,43.77296715
493,46.70728787
494,47.95637589
495,46.57252134
496,26.32208507
497,34.56834476
498,40.65079684
499,48.91934774
500,48.1822941
501,48.98550026
502,48.28624388
503,48.06087621
504,35.93858288
505,38.7023763
506,28.74690458
507,27.60199814
508,28.31470971
509,45.69212571
510,45.89023089
511,45.99275161
512,45.34483359
513,45.29026442
514,43.47654314
515,42.60955243
516,42.05600844
517,42.59353116
518,47.87324347
519,48.0532568
520,17.3731103
521,24.16586069
522,22.38982391
523,22.70576562
524,14.69954715
525,47.05101675
526,48.22203323
527,47.77167634
528,47.54775784
529,27.1982836
530,17.80578355
531,27.97535193
532,21.65906213
533,18.9410155
534,12.81949941
535,47.80288868
536,27.31846728
537,15.31033841
538,18.30949862
539,18.3330138
540,15.8249233
541,14.91114208
542,45.92538333
543,43.73962753
544,47.41650603
545,44.20540572
546,15.27613002
547,20.03960975
548,19.92028427
549,19.09657439
550,21.56253082
551,40.58594119
552,40.62712218
553,48.80359938
554,48.48543732
555,44.66263913
556,33.54192245
557,17.51866608
558,22.03536263
559,24.05053056
560,16.65297089
561,16.73568607
562,16.42932308
563,18.68539855
564,21.70623721
565,15.89240871
566,41.20520616
567,37.59599068
568,41.08276903
569,50.8057985
570,49.50142565
571,30.88133634
572,41.09393826
573,46.72439965
574,47.4568362
575,48.64659058
576,47.24842679
577,42.73563785
578,41.9304169
579,39.78744447
580,39.77819668
581,38.3174918
582,48.83651874
583,49.03329507
584,17.68222416
585,18.87656382
586,26.6674978
587,26.66612653
588,19.86029666
589,20.09858306
590,22.30213568
591,20.77491764
592,45.90934402
593,47.41946295
594,47.08294456
595,47.27168123
596,45.01412401
597,32.70054801
598,24.34069695
599,22.07213923
600,18.8599684
601,48.0289884
602,47.52995607
603,45.14827698
604,22.36121188
605,19.4267836
606,39.22827147
607,39.84686084
608,48.80021356
609,49.23208292
610,48.30623265
611,47.08683858
612,43.40686018
613,14.15380671
614,20.35518182
615,13.83884903
616,15.41606253
617,15.99955144
618,12.60586366
619,21.89898201
620,39.36986313
621,48.0635869
622,50.08003309
623,49.70632506
624,46.93229154
625,32.42892402
626,19.0283205
627,15.30685186
628,18.45969293
629,11.62595142
630,22.99357988
631,49.32131681
632,47.81415589
633,47.84262441
634,33.27954708
635,26.35477378
636,25.5837559
637,49.4313699
638,50.19566072
639,48.40420551
640,42.97474006
641,37.97946543
642,36.22287952
643,39.04904828
644,36.0653634
645,44.03173459
646,41.90376948
647,47.33296578
648,49.31470013
649,47.88700533
650,45.92965499
651,16.28986927
652,18.55375067
653,10.9831886
654,26.33652007
655,46.68705509
656,48.56467321
657,47.8407747
658,46.92765458
659,46.59630695
660,45.01689692
661,14.11348844
662,23.60319236
663,17.90486179
664,17.81366962
665,20.3366504
666,18.21307877
667,11.49241919
668,41.79539052
669,39.95693859
670,45.72783462
671,48.63734629
672,45.11180528
673,21.92409085
674,17.35167825
675,31.88823407
676,48.40713364
677,47.53943671
678,48.54559598
679,14.27233221
680,23.56069455
681,18.75107829
682,23.40096566
683,18.51655638
684,44.68248909
685,47.6494131
686,47.1820778
687,46.43140763
688,45.16115537
689,25.29122738
690,15.81098062
691,20.91226082
692,16.08623129
693,17.13984258
694,48.2731003
695,48.94340678
696,39.7211274
697,25.7986647
698,25.4945606
699,18.58167202
700,18.83475375
701,18.6878859
702,40.97958007
703,46.34435352
704,47.56143035
705,49.17063707
706,47.57125468
707,46.60495229
708,44.47743581
709,38.18264379
710,40.11476943
711,41.44152871
712,40.82221336
713,40.8675101
714,38.64746375
715,45.15140163
716,38.88640898
717,44.306335
718,48.01120792
719,26.2085709
720,11.67933407
721,10.79190034
722,8.86976414
723,41.80790124
724,45.83459851
725,47.68187099
726,46.80784173
727,23.22372819
728,14.95824163
729,14.88922101
730,9.445659545
731,44.51564615
732,47.16395363
733,48.58670077
734,43.95009921
735,11.66960686
736,13.37286303
737,12.97258661
738,12.52893782
739,6.90754776
740,30.52999237
741,40.65785506
742,47.39315801
743,48.03317002
744,48.08481715
745,25.43736073
746,17.53863408
747,19.72759299
748,21.8938377
749,18.47448134
750,17.24902312
751,12.7591984
752,38.65491388
753,48.59401378
754,48.6359781
755,46.48115572
756,46.62395311
757,13.12139621
758,16.64925967
759,13.27391976
760,17.60415334
761,11.67005403
762,21.56753713
763,42.81354323
764,33.86154679
765,38.62726035
766,49.91826875
767,47.86551084
768,40.99755917
769,20.48000358
770,18.43478176
771,19.27123956
772,32.60690438
773,45.82905396
774,47.40023623
775,46.41574709
776,46.56578371
777,46.9040564
778,40.92958185
779,35.29991111
780,47.31886615
781,48.44268664
782,48.23480875
783,16.20345591
784,15.35813508
785,17.58195751
786,12.39490519
787,13.07112563
788,9.951560273
789,22.037974
790,48.35217609
791,48.44002094
792,46.50348263
793,47.44690103
794,23.82290571
795,22.00308591
796,15.93334921
797,9.399004659
798,20.3600496
799,47.4965779
800,24.92752133
801,13.59750933
802,16.22781577
803,11.51581213
804,12.63551718
805,10.45323018
806,35.73256837
807,41.41739257
808,46.90437855
809,48.8159496
810,47.90637685
811,47.45925087
812,27.42559843
813,11.86786945
814,13.47816434
815,15.3062459
816,17.55099699
817,42.59651914
818,34.62208315
819,50.09446053
820,48.02585361
821,34.86481192
822,38.13520946
823,27.22319237
824,26.94530658
825,26.20828371
826,49.53991131
827,48.37269761
828,35.81380114
829,36.93072813
830,36.85905052
831,33.9792652
832,44.71251389
833,40.43652857
834,48.42048942
835,49.01792249
836,40.82321749
837,40.11097168
838,45.02468353
839,39.21663573
840,48.29902656
841,47.88040074
842,47.64178922
843,31.08625583
844,29.14659933
845,27.66607961
846,29.43235119
847,40.32134295
848,47.68861283
849,48.487452
850,48.16987397
851,20.32052919
852,23.4338321
853,29.00349741
854,26.58138342
855,28.21948812
856,24.64657388
857,42.66910009
858,45.70184202
859,48.30069825
860,47.6886984
861,46.56243491
862,18.90890896
863,27.37682233
864,23.48251227
865,21.51076873
866,31.62092971
867,43.28734617
868,40.71485237
869,49.32389414
870,47.66477549
871,32.0548081
872,29.39025821
873,24.00403838
874,45.2012059
875,43.9817447
876,48.07360357
877,47.29795156
878,47.63583407
879,18.18088882
880,15.99747283
881,14.19129966
882,27.2137885
883,44.86423126
884,41.04772157
885,49.05617305
886,48.84871226
887,47.35836126
888,48.06713918
889,47.8715358
890,35.90938322
891,23.80592516
892,27.12019214
893,25.84442195
894,37.85655909
895,48.20247562
896,42.54548641
897,39.97451624
898,44.39117237
899,38.17612641
900,43.21787573
901,48.30098968
902,47.22529769
903,28.70304549
904,21.34146811
905,22.64858985
906,25.30305258
907,18.92579508
908,15.69748523
909,11.07936481
910,37.11573206
911,43.826482
912,46.79853306
913,46.92536599
914,45.76443652
915,23.89617059
916,20.97190116
917,19.77442143
918,22.86620974
919,15.70528647
920,48.4358847
921,48.50746694
922,48.3182434
923,13.49971984
924,17.65078455
925,17.62810151
926,15.94924686
927,18.03579717
928,13.03883816
929,10.7805865
930,23.36491327
931,40.98931284
932,46.5427958
933,47.1569516
934,16.76448747
935,20.50967249
936,18.47196291
937,18.14764245
938,11.32640226
939,21.41056867
940,44.42899051
941,47.56339154
942,48.93599414
943,46.54333674
944,47.42460111
945,27.65110964
946,12.71935737
947,22.5471749
948,22.42238707
949,16.68141825
950,40.96309691
951,47.48980639
952,48.74571206
953,45.93223919
954,41.03146192
955,24.22361756
956,26.71972309
957,17.00082155
958,41.2031923
959,36.8214825
960,46.3764677
961,47.66380154
962,47.88596856
963,46.80500578
964,44.37386052
965,44.68713029
966,43.46175667
967,43.05213725
968,42.30656039
969,42.34014887
970,38.81424747
971,40.17360763
972,46.86715916
973,12.52447284
974,15.27645043
975,24.9529258
976,16.31362322
977,15.18251372
978,18.85893572
979,12.19596899
980,9.449915729
981,21.43706394
982,45.96343597
983,48.84459857
984,49.69425491
985,46.98132234
986,25.51123712
987,15.33017984
988,13.64885565
989,8.836954583
990,35.90940646
991,44.89669565
992,49.65959012
993,47.60777145
994,47.44962208
995,46.81036763
996,28.65334048
997,16.32978121
998,16.50001177
999,24.29626958
1000,18.2052224
1001,15.72629769
1002,14.89498172
1003,10.3690515
1004,19.89982316
1005,45.07611478
1006,48.67369122
1007,46.74014895
1008,45.16146027
1009,29.24900959
1010,18.64490616
1011,19.36740027
1012,13.94637824
1013,11.9269021
1014,43.58188754
1015,48.55700252
1016,46.73562087
1017,28.63398582
1018,17.91723241
1019,24.44154522
1020,14.8861453
1021,16.98107701
1022,9.550358415
1023,38.23074489
1024,44.50019551
1025,37.41625075
1026,49.26212272
1027,29.47987236
1028,18.66820854
1029,19.96002725
1030,19.45119012
1031,18.43035821
1032,18.7241583
1033,42.25730199
1034,40.06083774
1035,45.34468226
1036,48.09761437
1037,48.3219438
1038,42.78991509
1039,39.74653744
1040,42.01510431
1041,40.81279946
1042,37.13989755
1043,38.21890842
1044,46.30612318
1045,39.37161011
1046,37.02796912
1047,47.86370561
1048,47.00421745
1049,47.91494796
1050,26.72575044
1051,18.50867006
1052,14.91833176
1053,8.383951804
1054,44.56932173
1055,48.81698145
1056,48.28862299
1057,46.25366933
1058,45.09065426
1059,14.2042232
1060,23.03921985
1061,18.15974296
1062,10.58632648
1063,39.98711701
1064,45.82859809
1065,41.18958041
1066,48.57796619
1067,47.03763689
1068,48.6346196
1069,46.32910321
1070,46.80481232
1071,44.88848892
1072,13.78136449
1073,15.5498401
1074,12.46124778
1075,21.51505509
1076,37.49862662
1077,49.99834521
1078,45.83333218
1079,12.6562901
1080,15.56611039
1081,15.79871531
1082,17.02359811
1083,12.42674047
1084,45.08792008
1085,41.1785467
1086,44.71563101
1087,46.90894415
1088,18.73420847
1089,9.988908245
1090,32.57992884
1091,34.94249454
1092,48.76714415
1093,48.17987924
1094,47.72675864
1095,39.55300234
1096,24.99757976
1097,19.79487108
1098,13.81359226
1099,15.01625886
1100,15.39853898
1101,31.69604692
1102,42.4737437
1103,39.90824972
1104,28.18296703
1105,31.36435726
1106,47.44536567
1107,47.1512031
1108,43.95824649
1109,40.87149901
1110,42.88526829
1111,40.4262022
1112,37.04919926
1113,43.69510864
1114,45.57130643
1115,48.02777909
1116,48.04566175
1117,47.38662143
1118,27.37705207
1119,22.14254949
1120,39.06672089
1121,40.99685723
1122,44.17358042
1123,49.69207064
1124,46.93355323
1125,30.29654601
1126,25.64955868
1127,25.48385043
1128,31.13204893
1129,39.55862828
1130,42.34933007
1131,47.01202664
1132,47.30609365
1133,46.0936081
1134,36.33907598
1135,16.66451251
1136,21.32162146
1137,19.04393862
1138,18.31239986
1139,14.36806564
1140,45.98110647
1141,41.26085735
1142,46.36404915
1143,49.5072495
1144,47.50462816
1145,35.7068634
1146,21.62532957
1147,23.78619707
1148,45.06474311
1149,44.43907841
1150,14.9781404
1151,19.39032738
1152,22.29739803
1153,19.12802864
1154,19.50706418
1155,19.83407807
1156,17.46843544
1157,33.291355
1158,40.99728335
1159,38.22232193
1160,45.70200979
1161,48.24631131
1162,49.16297408
1163,48.0914157
1164,24.24517273
1165,25.71437825
1166,22.26952202
1167,20.61954782
1168,46.14298453
1169,47.16974465
1170,46.32157755
1171,40.35009406
1172,29.90175545
1173,42.19612973
1174,41.72144807
1175,47.63987067
1176,47.76837522
1177,32.51031186
1178,23.06399482
1179,19.23169365
1180,21.85195969
1181,18.13605655
1182,16.36224357
1183,43.85408377
1184,41.70484569
1185,47.28258249
1186,46.80322956
1187,45.32223984
1188,25.02573959
1189,16.59264902
1190,15.0435333
1191,15.17656679
1192,39.9649718
1193,42.97331114
1194,47.03218398
1195,46.61511903
1196,46.13425873
1197,44.57906111
1198,25.77332851
1199,41.40249444
1200,49.13460382
1201,47.73748007
1202,40.87159757
1203,11.83486153
1204,17.63668874
1205,15.46578998
1206,17.22190053
1207,11.37016499
1208,17.74552623
1209,35.1288412
1210,47.35041045
1211,44.01728636
1212,29.9808989
1213,29.41936802
1214,21.61803691
1215,18.63948717
1216,46.37432565
1217,47.97769661
1218,46.96777771
1219,31.85072588
1220,23.2122245
1221,21.48997525
1222,21.55505241
1223,24.46224269
1224,23.22916471
1225,13.58685379
1226,12.52760449
1227,35.43517143
1228,36.00394962
1229,40.25986503
1230,47.29348564
1231,48.1926008
1232,44.42949884
1233,39.0061675
1234,38.32165275
1235,47.45669592
1236,13.57224686
1237,21.86275766
1238,17.21926793
1239,12.01343657
1240,23.06121811
1241,45.98656885
1242,42.50017736
1243,44.80002636
1244,48.16016094
1245,47.02633958
1246,17.79939386
1247,25.26833501
1248,25.3551705
1249,11.73765747
1250,46.28206428
1251,48.60223146
1252,47.35629366
1253,46.91678917
1254,24.29581304
1255,15.94760644
1256,15.66011021
1257,41.91734696
1258,47.72294473
1259,46.83780646
1260,46.74125698
1261,44.26196284
1262,27.41712306
1263,20.95800292
1264,15.50995718
1265,16.90072771
1266,15.36106096
1267,16.43717871
1268,21.48327536
1269,50.07460073
1270,48.26087411
1271,48.34150784
1272,45.3932022
1273,13.74797908
1274,17.07287682
1275,18.16562842
1276,19.73402241
1277,13.02874686
1278,22.54196423
1279,39.09868207
1280,45.07597151
1281,37.12946191
1282,48.35224633
1283,47.71075864
1284,47.55423031
1285,24.97912987
1286,24.56773514
1287,22.85832813
1288,21.99977096
1289,18.17740886
1290,35.5867916
1291,47.16803776
1292,47.36054145
1293,45.26014793
1294,42.85550605
1295,44.24632375
1296,42.57507893
1297,38.02463089
1298,46.38133083
1299,47.52567799
1300,46.47027163
1301,45.35943831
1302,21.8091941
1303,13.57756621
1304,24.05393329
1305,48.77912094
1306,47.65254777
1307,48.12474584
1308,47.91291569
1309,36.75728507
1310,29.90696805
1311,31.52883476
1312,25.1061732
1313,25.87791568
1314,19.514208
1315,35.23307039
1316,41.21314009
1317,39.44061289
1318,40.90606059
1319,47.36626187
1320,47.16403928
1321,45.43580591
1322,15.78061532
1323,17.16271013
1324,21.2179579
1325,25.03273057
1326,48.47735071
1327,19.72452448
1328,19.91424107
1329,16.24861455
1330,17.55889504
1331,11.60876756
1332,23.25284267
1333,38.62570201
1334,39.19519239
1335,48.62301851
1336,47.0599432
1337,45.36129889
1338,18.35858139
1339,20.98402394
1340,18.67547361
1341,20.44177814
1342,48.92445354
1343,48.99503117
1344,43.07420988
1345,28.76993655
1346,26.01747943
1347,20.11592738
1348,19.32728488
1349,40.10866722
1350,41.23098419
1351,37.45825449
1352,39.41074338
1353,38.04867235
1354,41.53173867
1355,37.04097099
1356,43.41949405
1357,37.73184518
1358,46.81920841
1359,27.0466131
1360,29.65724611
1361,27.06324313
1362,19.16901574
1363,14.87579233
1364,14.35322297
1365,11.41293771
1366,11.66772132
1367,41.10395188
1368,46.77157824
1369,27.48220942
1370,27.58257146
1371,16.84083117
1372,9.230887235
1373,36.18407092
1374,47.09486648
1375,48.00828439
1376,48.29990921
1377,26.78040518
1378,16.3210503
1379,42.0944773
1380,43.17047603
1381,47.78626214
1382,19.42635041
1383,9.867501061
1384,37.82103829
1385,44.86534289
1386,42.72751287
1387,48.13288983
1388,47.99998693
1389,45.1040669
1390,19.41528116
1391,21.14053041
1392,20.44437593
1393,15.21798586
1394,13.5387839
1395,14.14474734
1396,36.81474466
1397,47.25064161
1398,48.26026214
1399,47.58413467
1400,28.61296717
1401,29.93509987
1402,46.10971787
1403,47.60308506
1404,46.14713658
1405,41.2029961
1406,41.73678673
1407,41.59655212
1408,41.50438087
1409,42.30402532
1410,35.75102573
1411,41.16852607
1412,45.75789007
1413,47.87663698
1414,13.91031356
1415,28.21971357
1416,40.29044192
1417,46.39715168
1418,45.83305309
1419,46.75285221
1420,13.1052164
1421,15.15234107
1422,17.68988314
1423,15.51396692
1424,14.91157348
1425,10.95598381
1426,11.62914968
1427,23.60714672
1428,39.13560419
1429,46.97288155
1430,46.7296213
1431,46.31678025
1432,44.1317787
1433,41.90069806
1434,17.253621
1435,15.97187809
1436,17.74459671
1437,21.85631417
1438,12.31174673
1439,23.2158902
1440,38.89417016
1441,43.83326422
1442,46.92504274
1443,46.97244823
1444,43.41434028
1445,23.23588362
1446,18.39747608
1447,43.58774617
1448,46.90232396
1449,45.66970654
1450,31.80514666
1451,17.50491283
1452,17.80543374
1453,18.5603706
1454,11.62426815
1455,39.76811282
1456,42.71443782
1457,48.70556
1458,46.84632156
1459,45.84769196
1460,21.73739738
1461,15.39110934
1462,21.33590581
1463,41.27892508
1464,47.38263365
1465,49.24016983
1466,46.62539817
1467,45.53664166
1468,40.1201681
1469,39.7595696
1470,43.94167975
1471,44.09039686
1472,47.15130958
1473,46.10650618
1474,13.90918011
1475,18.59332228
1476,17.49126527
1477,13.76579665
1478,40.44873277
1479,36.33794133
1480,47.68646192
1481,46.81574418
1482,47.01878985
1483,30.10883912
1484,24.80687255
1485,22.14306011
1486,20.43675782
1487,17.44250158
1488,12.52110722
1489,15.53996778
1490,29.9147146
1491,38.2914408
1492,46.52146921
1493,46.64414206
1494,44.58799134
1495,42.47303094
1496,20.74197763
1497,18.32390101
1498,20.02631095
1499,10.58320256
1500,22.17154155
1501,38.67402743
1502,45.10778259
1503,48.22025854
1504,46.15384576
1505,44.77540105
1506,13.18876554
1507,19.13073064
1508,21.57772849
1509,16.86628661
1510,15.45986197
1511,10.58634003
1512,10.84130659
1513,37.92773191
1514,45.04565454
1515,38.09682396
1516,44.34765579
1517,21.26242653
1518,8.544360455
1519,35.58412629
1520,36.54880898
1521,47.53186185
1522,46.11191497
1523,22.9927807
1524,21.27967163
1525,17.70169109
1526,19.21453154
1527,19.08132448
1528,40.14019208
1529,30.71963379
1530,46.68231596
1531,45.9770758
1532,38.32603035
1533,37.79118251
1534,44.46848209
1535,42.75452149
1536,36.35884275
1537,47.08657912
1538,46.99127293
1539,47.07420058
1540,46.7885258
1541,45.45412137
1542,30.49421383
1543,27.87712844
1544,30.36900116
1545,28.66094637
1546,28.25690857
1547,41.76261586
1548,48.13757246
1549,48.76768503
1550,46.55122128
1551,45.04881126
1552,25.46898767
1553,20.80675163
1554,20.47075558
1555,15.57292052
1556,9.863561129
1557,23.73387593
1558,39.28418839
1559,48.41612213
1560,47.75674742
1561,47.75636991
1562,47.46654288
1563,12.21480447
1564,16.2729666
1565,11.39289381
1566,11.80112375
1567,24.80999919
1568,45.36737278
1569,47.76483503
1570,18.46861999
1571,19.22057902
1572,15.42159568
1573,15.26064528
1574,12.67893641
1575,23.58884593
1576,43.86580666
1577,42.68963848
1578,47.32532494
1579,47.67064768
1580,46.65434532
1581,41.97151999
1582,21.0340477
1583,15.66467162
1584,12.34582219
1585,14.08106596
1586,39.10180927
1587,43.75645901
1588,33.5920636
1589,35.20562525
1590,47.2762297
1591,47.04169705
1592,46.99800637
1593,40.77989151
1594,27.67440086
1595,20.93815518
1596,13.62578848
1597,35.58441982
1598,44.12827304
1599,33.45181816
1600,44.64960636
1601,45.34231795
1602,44.16717855
1603,43.85319792
1604,38.16882978
1605,37.79814313
1606,39.4728588
1607,39.32105923
1608,33.57848604
1609,47.42471483
1610,46.67109253
1611,45.77881103
1612,45.11031391
1613,17.36560362
1614,19.43395458
1615,20.28010883
1616,19.00874086
1617,36.78601246
1618,41.48950707
1619,47.69680212
1620,48.1589743
1621,46.19905544
1622,46.6513417
1623,46.05090682
1624,44.0618507
1625,25.19222782
1626,16.06946316
1627,25.5145662
1628,25.63857932
1629,17.58415778
1630,11.30398186
1631,47.37206208
1632,47.50850122
1633,46.04690359
1634,46.61292657
1635,46.11672949
1636,43.645092
1637,12.39591365
1638,19.11484754
1639,22.3531273
1640,15.60650432
1641,10.35943129
1642,25.26261576
1643,38.36690523
1644,43.00708295
1645,46.97657776
1646,48.38777327
1647,46.59396643
1648,20.49783261
1649,14.62435122
1650,17.05236893
1651,17.93646224
1652,10.67792698
1653,23.75199803
1654,39.16708211
1655,37.46799659
1656,46.69946392
1657,44.26948037
1658,13.40995792
1659,19.30611867
1660,17.52720281
1661,14.69012207
1662,21.42472814
1663,19.11494105
1664,19.02621142
1665,37.43958353
1666,46.95599692
1667,40.33034852
1668,25.37581594
1669,17.93653844
1670,17.8773506
1671,16.3672341
1672,37.37324366
1673,33.04506799
1674,25.08500546
1675,47.17266714
1676,47.48849444
1677,47.08018752
1678,39.8341
1679,39.96667509
1680,39.36662103
1681,45.97119376
1682,48.74618285
1683,49.01158976
1684,39.8910546
1685,28.40017191
1686,34.4517181
1687,29.36414859
1688,29.85322139
1689,29.67707302
1690,25.44010131
1691,30.87616527
1692,40.20636506
1693,38.01783437
1694,47.19823695
1695,46.53489905
1696,44.04244261
1697,13.27539214
1698,22.2248958
1699,20.73360623
1700,45.48792359
1701,46.74568059
1702,32.71744667
1703,15.10256173
1704,17.60760677
1705,20.46014628
1706,17.28527042
1707,16.99804624
1708,29.73522824
1709,39.27544018
1710,42.1238978
1711,49.65594335
1712,47.61050488
1713,44.02682546
1714,21.30065139
1715,20.98544816
1716,22.54013657
1717,17.68109231
1718,42.97552491
1719,41.47052914
1720,47.01682073
1721,47.02804113
1722,42.6465038
1723,23.9475605
1724,12.92008459
1725,15.78394693
1726,38.67608719
1727,40.31646361
1728,47.05697927
1729,36.24186828
1730,18.21359464
1731,12.00523624
1732,41.22160283
1733,48.12708007
1734,47.60130137
1735,47.44481807
1736,37.11688827
1737,37.60614432
1738,37.66868581
1739,38.94057736
1740,35.29271022
1741,29.71771169
1742,27.4549186
1743,40.10661892
1744,39.03626852
1745,39.03872245
1746,11.73155172
1747,15.03957635
1748,30.69417405
1749,38.7837842
1750,36.0363928
1751,45.44926958
1752,47.44087254
1753,15.40070584
1754,19.75578995
1755,20.67877407
1756,22.60652399
1757,42.94522134
1758,46.89404927
1759,47.882761
1760,48.19984696
1761,47.60693468
1762,46.06524098
1763,15.806783
1764,17.57097129
1765,18.61407176
1766,25.17216384
1767,48.30791053
1768,47.64247667
1769,47.17575773
1770,25.36203056
1771,23.01119944
1772,19.27526157
1773,48.4221468
1774,44.70411801
1775,46.19385464
1776,45.52367693
1777,44.61697186
1778,8.928557378
1779,16.79439514
1780,16.571729
1781,18.82370325
1782,22.68899697
1783,38.0749101
1784,43.13119887
1785,45.88634684
1786,42.20669413
1787,33.08585988
1788,21.25452781
1789,17.75303513
1790,23.1165391
1791,31.07963263
1792,25.03009426
1793,20.24905537
1794,40.26165973
1795,35.74806803
1796,34.76515279
1797,46.58500185
1798,44.74244422
1799,45.55734707
1800,43.64372071
1801,41.8841535
1802,45.43240554
1803,38.24164556
1804,41.95937561
1805,40.44593057
1806,36.53711391
1807,42.35674252
1808,42.80721894
1809,45.12760645
1810,45.81727228
1811,43.8986662
1812,44.01254564
1813,42.62543296
1814,14.25163295
1815,23.23320003
1816,23.97835391
1817,16.61507653
1818,24.85530592
1819,39.38306269
1820,41.59017645
1821,47.48043329
1822,46.88832284
1823,14.92901555
1824,16.28353663
1825,22.51119365
1826,17.32239835
1827,24.15494102
1828,25.71096986
1829,44.8943457
1830,38.22603768
1831,49.28768027
1832,45.47548075
1833,44.28219141
1834,32.94939403
1835,15.90268212
1836,18.62478557
1837,19.37669728
1838,21.68287789
1839,23.41321536
1840,26.71317213
1841,37.42027213
1842,37.47385943
1843,44.67338988
1844,19.22090923
1845,16.00837559
1846,19.48419016
1847,10.6487927
1848,38.90500801
1849,47.67608514
1850,46.74199799
1851,44.16383333
1852,16.74811627
1853,21.32471278
1854,20.44927582
1855,23.17353967
1856,21.42008097
1857,38.147177
1858,32.85943861
1859,49.05115892
1860,47.20225928
1861,28.29483791
1862,29.2547395
1863,23.65815694
1864,25.43878864
1865,47.59145948
1866,47.81892148
1867,46.28005616
1868,43.26747588
1869,43.90905501
1870,40.98219484
1871,40.49093101
1872,43.17675457
1873,35.51971648
1874,47.23304573
1875,46.05483078
1876,46.27525564
1877,42.78292414
1878,23.36513131
1879,23.69768898
1880,11.01581541
1881,47.83881647
1882,47.48715664
1883,47.86443341
1884,48.03621564
1885,19.91665259
1886,27.05701033
1887,24.13932987
1888,23.62089406
1889,24.67109005
1890,48.11204592
1891,18.22443413
1892,30.44795989
1893,27.01910231
1894,24.03735877
1895,14.28277248
1896,47.42227725
1897,47.35815374
1898,18.63149201
1899,22.92138797
1900,13.88462774
1901,25.77418295
1902,39.27309117
1903,47.69637171
1904,45.45477845
1905,12.37644893
1906,18.72009931
1907,21.41621294
1908,24.74754724
1909,16.99392585
1910,24.05210585
1911,48.53793607
1912,47.28128167
1913,26.64711233
1914,21.45154045
1915,25.88431375
1916,24.62170542
1917,22.42798727
1918,33.96414576
1919,43.54746442
1920,39.00419369
1921,47.74759519
1922,42.86297042
1923,39.79174023
1924,38.7426569
1925,38.64128097
1926,42.56309424
1927,45.14363889
1928,42.85401312
1929,46.18154122
1930,35.17160356
1931,15.87199833
1932,22.84931988
1933,18.25504701
1934,17.42586351
1935,18.32095995
1936,45.59989246
1937,40.35947039
1938,41.01053259
1939,47.63817489
1940,46.82487643
1941,44.98980381
1942,35.07567673
1943,15.85850621
1944,29.73800312
1945,26.80307027
1946,14.94390631
1947,24.89012084
1948,42.97155183
1949,39.06274476
1950,47.95558543
1951,46.78382755
1952,44.26025373
1953,30.2146981
1954,19.40774856
1955,16.39149336
1956,22.41225557
1957,18.67430981
1958,12.48099594
1959,37.73627827
1960,45.41368047
1961,48.04913581
1962,47.0186772
1963,47.30930791
1964,44.223858
1965,21.1924725
1966,16.42688244
1967,44.88355116
1968,43.78042317
1969,49.02853966
1970,44.80291897
1971,9.966316501
1972,26.6917087
1973,26.97754731
1974,18.08175383
1975,15.2117588
1976,28.47590894
1977,41.45971861
1978,48.12756663
1979,45.53748335
1980,47.09431265
1981,43.96272622
1982,36.6169599
1983,25.77175306
1984,29.94807514
1985,26.89917149
1986,28.64886895
1987,26.81834833
1988,41.04513642
1989,47.6912303
1990,48.6310508
1991,47.01033066
1992,47.37635399
1993,30.96583566
1994,29.71995982
1995,34.78249748
1996,30.69333138
1997,30.68197509
1998,47.66736839
1999,32.50731098
2000,18.53798872
2001,20.23557941
2002,18.4408526
2003,16.84986713
2004,26.7638377
2005,43.25782621
2006,42.22736102
2007,47.76775693
2008,23.40350665
2009,22.11330752
2010,25.79257448
2011,18.97287386
2012,14.97717948
2013,17.41464704
2014,19.38306264
2015,17.88447997
2016,18.30376678
2017,17.76940161
2018,33.55553761
2019,31.94516546
2020,36.55192709
2021,46.37178475
2022,47.3732037
2023,47.73528532
2024,18.2942999
2025,21.68633834
2026,21.27088874
2027,27.98010618
2028,24.79517574
2029,39.49024534
2030,38.52769471
2031,45.13076249
2032,47.55083237
2033,45.76446492
2034,15.03426421
2035,15.0007858
2036,12.98216344
2037,14.64469466
2038,7.37340745
2039,47.97604215
2040,46.10013763
2041,47.2429985
2042,20.40857938
2043,26.85005046
2044,20.3038123
2045,23.28552721
2046,39.5803928
2047,43.9251587
2048,39.11213388
2049,36.12856393
2050,38.93939201
2051,38.10970981
2052,44.10326851
2053,47.53783453
2054,47.43499889
2055,46.25690159
2056,18.83308926
2057,21.67936228
2058,25.16572262
2059,22.45708338
2060,24.56674735
2061,17.76373192
2062,13.63704739
2063,46.52486903
2064,47.02764636
2065,44.56687561
2066,17.36645047
2067,23.95639474
2068,20.83812025
2069,22.63453249
2070,11.85072962
2071,37.30084167
2072,40.93441863
2073,43.42818628
2074,48.08739906
2075,28.02369103
2076,14.55623503
2077,17.08112897
2078,20.96382919
2079,21.06567742
2080,22.30135552
2081,36.64342634
2082,46.99870672
2083,46.28101013
2084,44.76177242
2085,13.57062419
2086,21.80459456
2087,15.82756879
2088,17.54589764
2089,42.85420319
2090,41.01830578
2091,46.80556024
2092,46.5947587
2093,48.21252395
2094,43.95841819
2095,14.06617044
2096,19.17991389
2097,12.97311232
2098,16.9184677
2099,19.83826249
2100,13.56032111
2101,37.6637112
2102,47.67910654
2103,49.27301648
2104,47.74754615
2105,47.00912922
2106,27.00324453
2107,24.72117317
2108,24.71725607
2109,22.49029192
2110,18.45819323
2111,20.49803359
2112,18.16123669
2113,33.05469125
2114,46.2659112
2115,47.08814681
2116,46.26642358
2117,43.74645617
2118,44.87952161
2119,41.24959766
2120,37.39968283
2121,37.57913653
2122,42.79930652
2123,41.98064183
2124,30.05290742
2125,34.9083829
2126,48.37841287
2127,47.70889442
2128,47.59266889
2129,46.16667102
2130,44.32436937
2131,15.3704416
2132,19.62266808
2133,18.80854502
2134,17.82991841
2135,19.77198336
2136,19.40880908
2137,8.929867125
2138,47.54561937
2139,48.14087229
2140,16.32117959
2141,17.91997881
2142,40.34058666
2143,49.0967384
2144,48.29274652
2145,43.96544282
2146,16.62851193
2147,20.39931241
2148,15.15943403
2149,16.80979165
2150,20.61107022
2151,38.04560216
2152,42.32244251
2153,47.58055254
2154,48.18514399
2155,46.85239371
2156,12.09276102
2157,13.00299776
2158,16.91125279
2159,17.45174313
2160,18.40210722
2161,11.9657198
2162,31.8403637
2163,38.20122666
2164,47.76567903
2165,30.24373833
2166,14.36925462
2167,16.13765098
2168,18.02925235
2169,19.66044414
2170,19.20592627
2171,22.49733081
2172,19.21539504
2173,9.950830497
2174,41.3477708
2175,35.63937507
2176,36.92959898
2177,47.4258195
2178,48.97670743
2179,50.10143126
2180,20.10423935
2181,20.52097918
2182,25.63062316
2183,17.39873152
2184,16.33301178
2185,31.891646
2186,35.53766464
2187,34.9012067
2188,46.75215814
2189,46.94680106
2190,48.05479953
2191,46.93473456
2192,45.74701204
2193,42.42626525
2194,40.9385384
2195,44.0547785
2196,41.67874647
2197,35.25591035
2198,37.53448397
2199,34.20946144
2200,33.75037513
2201,37.21114667
2202,46.45442469
2203,46.88356089
2204,46.61127306
2205,14.68879268
2206,20.74593771
2207,10.5533268
2208,38.66111538
2209,37.98639625
2210,45.10862142
2211,42.46405123
2212,30.55546563
2213,19.82639241
2214,20.42499183
2215,13.91975913
2216,6.602021943
2217,21.86250264
2218,43.53214206
2219,47.88651421
2220,47.90021336
2221,47.00986837
2222,46.63416572
2223,44.47153257
2224,12.11032339
2225,16.61445365
2226,15.08521311
2227,16.95817209
2228,8.265685648
2229,8.681220541
2230,24.27435105
2231,45.32406748
2232,45.48912182
2233,46.43274914
2234,48.12367055
2235,46.30136031
2236,43.52552004
2237,14.1647379
2238,19.87779873
2239,27.50591035
2240,15.58492765
2241,24.52084453
2242,35.16975916
2243,45.01728103
2244,47.86879038
2245,47.95715457
2246,48.85514298
2247,48.12048171
2248,42.62724499
2249,28.37675054
2250,11.46496443
2251,20.58777784
2252,18.72205766
2253,14.31175246
2254,19.63101201
2255,14.74483531
2256,7.124343304
2257,18.41834674
2258,27.75881356
2259,32.79194811
2260,48.65442671
2261,47.4144676
2262,47.34289873
2263,22.72154491
2264,18.29191362
2265,18.16970017
2266,41.40233867
2267,48.04558322
2268,46.29073524
2269,38.92759559
2270,43.91808144
2271,43.62737437
2272,37.09182407
2273,37.04751083
2274,38.12422224
2275,44.0928481
2276,45.47658805
2277,41.38706308
2278,46.69935054
2279,47.67018621
2280,48.20617388
2281,46.66496009
2282,33.65649748
2283,22.11933118
2284,22.88706561
2285,21.23017923
2286,22.07847766
2287,20.00709311
2288,18.64089163
2289,38.36140188
2290,47.30650199
2291,26.44497146
2292,15.22165651
2293,16.49445311
2294,20.32462388
2295,19.33804301
2296,14.85369543
2297,42.7361957
2298,38.76031362
2299,48.52622598
2300,47.57839622
2301,19.25549673
2302,16.29235876
2303,15.98992471
2304,16.48321646
2305,12.25972557
2306,11.36995603
2307,35.83733467
2308,40.42818991
2309,47.17896231
2310,45.72361675
2311,46.85020041
2312,46.84612839
2313,45.10136651
2314,30.25837281
2315,48.08664489
2316,47.66375237
2317,48.07257985
2318,32.41813253
2319,15.09654529
2320,19.6378836
2321,18.20518095
2322,16.06847246
2323,10.49919612
2324,14.89478497
2325,40.5899925
2326,47.02623
2327,48.00905075
2328,47.79890176
2329,46.80327823
2330,45.61995023
2331,30.31481922
2332,20.43425538
2333,24.80945143
2334,19.41311847
2335,19.96041522
2336,13.21368321
2337,35.95763087
2338,34.86798114
2339,41.19548662
2340,47.26199417
2341,41.92163935
2342,42.02659159
2343,41.47384635
2344,39.83085332
2345,38.08975056
2346,47.23316075
2347,48.11104847
2348,16.18566167
2349,21.7810804
2350,23.13072652
2351,18.1846057
2352,22.08298129
2353,40.70866856
2354,46.60357674
2355,49.09856527
2356,46.82512804
2357,43.7350526
2358,14.91848108
2359,21.73063687
2360,18.63296897
2361,17.15098664
2362,17.02694474
2363,13.53542785
2364,12.03529925
2365,39.55922139
2366,45.32830496
2367,48.0810555
2368,47.59854345
2369,44.74483335
2370,30.7449014
2371,15.24347266
2372,40.31972343
2373,45.85528272
2374,48.72634448
2375,47.90957146
2376,14.87538442
2377,18.66737147
2378,13.17932357
2379,14.6112672
2380,7.857981002
2381,34.84715313
2382,39.38482092
2383,48.24227775
2384,47.68527038
2385,42.86140526
2386,13.04364053
2387,18.7782103
2388,16.70521332
2389,33.8055038
2390,48.21585851
2391,49.86032828
2392,48.37026951
2393,25.73928238
2394,23.12737671
2395,20.33323678
2396,23.74403048
2397,16.66332565
2398,47.69550685
2399,47.46418853
2400,47.73323697
2401,36.14885831
2402,17.85526779
2403,18.34820198
2404,23.0900542
2405,34.78313509
2406,46.01441877
2407,45.94520947
2408,40.63604111
2409,47.59904275
2410,46.51965755
2411,30.25004004
2412,25.2809743
2413,32.46109076
2414,29.97412959
2415,30.55929162
2416,14.184245
2417,39.78894212
2418,47.01306437
2419,46.3188119
2420,21.51071804
2421,17.99858026
2422,48.07915302
2423,46.18578578
2424,12.33070782
2425,15.92260952
2426,15.82330921
2427,17.47945294
2428,13.1842329
2429,13.89709138
2430,7.834870779
2431,5.58756496
2432,32.13112155
2433,48.7310835
2434,47.89478443
2435,23.8127624
2436,15.25450665
2437,20.49203879
2438,21.42668034
2439,14.88236464
2440,15.20635606
2441,39.49612367
2442,47.3525216
2443,47.80418712
2444,46.49117286
2445,42.52476537
2446,13.38720635
2447,17.54832566
2448,18.51582279
2449,15.00786532
2450,11.20279049
2451,14.32576946
2452,49.36991659
2453,40.25328982
2454,23.3496186
2455,25.08446104
2456,12.49466194
2457,34.60172348
2458,27.1218025
2459,47.61181919
2460,45.87723177
2461,38.6267731
2462,40.15159567
2463,41.10188761
2464,31.2257493
2465,31.48843
2466,38.47964356
2467,41.37581939
2468,42.05656119
2469,46.46271146
2470,47.62020068
2471,47.14714164
2472,45.52978366
2473,24.74703225
2474,15.30363787
2475,17.11561991
2476,22.56777817
2477,23.21848169
2478,22.50907112
2479,13.36972759
2480,14.60369233
2481,46.995231
2482,41.88606067
2483,46.42329102
2484,46.85761683
2485,46.29359361
2486,45.45412662
2487,30.31193634
2488,35.94945493
2489,35.90933585
2490,29.13411779
2491,29.71072838
2492,31.05431924
2493,22.55308898
2494,45.50961992
2495,41.47054932
2496,48.54786808
2497,47.11057399
2498,48.11401387
2499,46.61402365
2500,44.72449931
2501,21.36663826
2502,14.61597559
2503,15.46702602
2504,10.98388721
2505,21.34996502
2506,40.49272442
2507,49.03490267
2508,49.10222356
2509,47.50058879
2510,45.25756693
2511,13.60746955
2512,20.81908994
2513,19.92332891
2514,21.84100868
2515,22.25194514
2516,18.20285075
2517,36.24079218
2518,36.83995495
2519,17.24738841
2520,21.24828666
2521,18.85805092
2522,19.60550672
2523,10.17963089
2524,9.404405312
2525,18.81348753
2526,35.26648209
2527,44.9124075
2528,43.6181969
2529,48.2048025
2530,49.64763561
2531,19.01247478
2532,19.05689782
2533,17.6563583
2534,19.9602587
2535,33.18265544
2536,42.7583368
2537,43.53802415
2538,44.29526478
2539,40.85469911
2540,37.678989
2541,38.7939936
2542,40.94125334
2543,42.53859513
2544,45.70407508
2545,48.63217593
2546,47.09388958
2547,46.46660515
2548,37.03095394
2549,33.79567485
2550,30.65884404
2551,25.53036022
2552,25.07657727
2553,32.22208548
2554,42.33117972
2555,44.74948082
2556,47.51486139
2557,48.13334432
2558,47.10782398
2559,46.94775426
2560,45.35161801
2561,28.45055889
2562,21.16016101
2563,25.62165323
2564,30.98299552
2565,23.23482895
2566,17.24697189
2567,39.33742925
2568,46.87085191
2569,45.07997771
2570,14.70636622
2571,23.00584393
2572,17.82150512
2573,14.14171115
2574,12.20687205
2575,48.93983946
2576,26.12117123
2577,16.66797405
2578,12.32397468
2579,41.0378572
2580,44.26656434
2581,46.3653645
2582,48.04796138
2583,47.56551616
2584,45.9610318
2585,44.20071452
2586,15.31618672
2587,24.54342545
2588,22.76497116
2589,23.08522182
2590,21.10706242
2591,36.97226596
2592,31.57829306
2593,44.29500152
2594,48.00939042
2595,46.96726003
2596,25.79399461
2597,29.75269798
2598,28.47517937
2599,19.90821756
2600,22.24509485
2601,18.12460129
2602,16.06700536
2603,42.72284032
2604,48.50365129
2605,48.68970324
2606,47.66929374
2607,32.95973635
2608,40.53106848
2609,41.38740272
2610,36.40410411
2611,39.39741746
2612,31.17188761
2613,38.80205772
2614,34.28832082
2615,40.71681336
2616,46.10119937
2617,43.660688
2618,31.0713585
2619,16.65003719
2620,19.67396823
2621,25.90290494
2622,26.69037338
2623,21.49229615
2624,21.37043532
2625,20.87674732
2626,38.33373742
2627,47.74398622
2628,48.01266383
2629,47.71996801
2630,34.30851376
2631,22.952445
2632,18.86158713
2633,19.57284701
2634,18.35805848
2635,38.83695072
2636,42.11433827
2637,36.40703955
2638,39.90021778
2639,46.06972389
2640,48.64711638
2641,47.09243481
2642,24.38161197
2643,15.68802199
2644,15.73421816
2645,14.16380131
2646,13.9444694
2647,13.73425319
2648,7.675673445
2649,44.12357509
2650,45.89683133
2651,46.82309959
2652,47.5006764
2653,47.48956061
2654,30.06931393
2655,16.72983936
2656,20.44837173
2657,15.94414937
2658,26.63572139
2659,42.38135208
2660,38.47345852
2661,46.57761483
2662,48.37714719
2663,48.2749755
2664,46.23005044
2665,30.54063682
2666,14.58795677
2667,18.3585563
2668,16.79304456
2669,21.06582694
2670,22.63986089
2671,40.44706047
2672,37.51832808
2673,21.95283022
2674,19.07698903
2675,19.91276705
2676,31.00430079
2677,36.96358812
2678,38.93925551
2679,47.60755956
2680,45.78966972
2681,45.23012599
2682,43.37813792
2683,40.95506864
2684,41.62724228
2685,40.62304537
2686,47.79997966
2687,46.5048731
2688,45.97173595
2689,44.74374418
2690,24.86730317
2691,17.20572954
2692,21.43926824
2693,11.57038872
2694,36.95778377
2695,42.68507232
2696,38.92768091
2697,47.29676044
2698,48.025013
2699,45.75159879
2700,11.08807344
2701,13.64350231
2702,13.36588743
2703,14.49478461
2704,33.91772504
2705,41.25958826
2706,48.84539513
2707,46.43172307
2708,35.3353612
2709,40.25194358
2710,25.74198698
2711,28.64983911
2712,27.44446071
2713,30.18549776
2714,23.66929235
2715,46.37233412
2716,47.9879199
2717,46.06586416
2718,22.73783795
2719,15.4681468
2720,21.25002211
2721,17.13727023
2722,18.3688354
2723,16.41996741
2724,11.48114684
2725,20.84391201
2726,38.32981779
2727,48.17804652
2728,48.321892
2729,45.59538594
2730,20.11116047
2731,15.34309752
2732,9.953669046
2733,22.44883256
2734,39.25659243
2735,47.57518371
2736,49.43450319
2737,47.94435581
2738,49.25350762
2739,48.2304613
2740,42.94233162
2741,27.47705772
2742,22.37958839
2743,22.47866376
2744,19.64697721
2745,17.1533279
2746,18.23709056
2747,39.19370528
2748,47.56488075
2749,47.40133562
2750,47.14086252
2751,44.7774358
2752,41.81710297
2753,37.42294665
2754,42.40874071
2755,35.32212053
2756,34.40968017
2757,47.99518069
2758,46.76914377
2759,47.62040776
2760,20.62575713
2761,17.56027703
2762,17.43794513
2763,11.59331827
2764,21.58784365
2765,39.95414019
2766,43.70386713
2767,49.05831305
2768,48.18357103
2769,47.18002247
2770,46.73112781
2771,13.84722546
2772,21.69768173
2773,22.01720975
2774,16.48412618
2775,17.90274256
2776,35.90421432
2777,43.25670277
2778,40.36498998
2779,49.08131002
2780,47.77335912
2781,48.33290704
2782,47.282333
2783,44.33637339
2784,24.12794993
2785,12.07051281
2786,18.26852544
2787,18.36105417
2788,12.98701698
2789,7.744496315
2790,19.61061288
2791,36.91557923
2792,44.72283176
2793,37.80135662
2794,41.37290999
2795,48.01361164
2796,46.71745112
2797,16.16341953
2798,19.46413373
2799,19.61152376
2800,19.2970035
2801,19.17299938
2802,19.23605564
2803,16.92937573
2804,21.41216471
2805,34.96344363
2806,47.84124002
2807,48.81222166
2808,48.14411841
2809,27.38913221
2810,16.35744691
2811,20.89886631
2812,17.64756551
2813,16.58794851
2814,21.30504891
2815,45.387503
2816,38.48504484
2817,47.21440079
2818,24.80650067
2819,25.14306618
2820,24.62146576
2821,18.92362104
2822,35.42715675
2823,39.84499486
2824,37.24468351
2825,43.24818541
2826,46.58121665
2827,47.01137219
2828,46.72090825
2829,41.15632898
2830,35.20540494
2831,34.98970503
2832,33.90095894
2833,37.08711814
2834,37.14523444
2835,32.2825944
2836,37.59233887
2837,46.18174823
2838,46.88670347
2839,13.67238818
2840,20.20565426
2841,21.07521753
2842,20.03241338
2843,16.65135624
2844,18.50488535
2845,13.19059679
2846,40.18956777
2847,43.19470073
2848,48.16403468
2849,47.59676731
2850,48.95476633
2851,48.03969275
2852,47.49886399
2853,47.12079551
2854,16.42435104
2855,18.78173892
2856,43.74396629
2857,36.88964447
2858,40.10810812
2859,48.88385122
2860,24.38321915
2861,14.89163751
2862,17.90277469
2863,21.78965181
2864,18.80481107
2865,8.939809564
2866,20.55260894
2867,36.55273441
2868,42.24986038
2869,35.05236822
2870,26.39026114
2871,25.89117239
2872,24.85090788
2873,22.14435245
2874,15.8095454
2875,39.47885319
2876,44.67633003
2877,46.8811203
2878,46.28171645
2879,47.36736464
2880,34.41174051
2881,18.85519978
2882,20.730738
2883,21.45719987
2884,20.77099421
2885,20.87724563
2886,19.73745505
2887,40.12015431
2888,43.71148346
2889,46.70017177
2890,45.94103601
2891,45.14450528
2892,38.57817764
2893,25.22989042
2894,23.73338886
2895,20.9251043
2896,21.11479983
2897,19.45406959
2898,26.86329593
2899,40.51142807
2900,43.26840941
2901,49.11343092
2902,47.48223302
2903,35.62129389
2904,37.3290604
2905,39.1118617
2906,38.20186604
2907,38.14015351
2908,30.51313799
2909,44.6555659
2910,41.43165187
2911,47.31855237
2912,46.6211382
2913,36.29951806
2914,21.68172264
2915,28.21912895
2916,27.61135461
2917,25.73183144
2918,38.89397124
2919,40.44093337
2920,46.50633863
2921,46.39415299
2922,47.19860997
2923,21.11221072
2924,20.75715196
2925,21.21646294
2926,19.18262704
2927,13.20778021
2928,10.8626946
2929,38.9714522
2930,46.58092605
2931,48.20351129
2932,17.15680649
2933,19.56443369
2934,19.68796215
2935,21.50937695
2936,17.95655865
2937,11.82952204
2938,42.62706055
2939,39.57970458
2940,47.56391049
2941,48.15581847
2942,45.26433046
2943,16.24877833
2944,25.6950663
2945,24.16467377
2946,11.65455811
2947,22.0868237
2948,41.55135255
2949,37.43255177
2950,41.30443458
2951,46.71060591
2952,45.51396585
2953,27.36769207
2954,19.71426753
2955,25.0459447
2956,19.06671452
2957,17.10828403
2958,19.04821458
2959,22.8197382
2960,41.34434244
2961,37.06122042
2962,46.51318857
2963,49.53156651
2964,28.92402168
2965,17.6311516
2966,19.82270515
2967,22.80607382
2968,22.06266868
2969,17.14496727
2970,21.55598981
2971,27.14919983
2972,46.10214685
2973,47.84370331
2974,47.94281663
2975,45.65968746
2976,37.05100952
2977,31.84341023
2978,40.81657186
2979,28.02631896
2980,24.02054459
2981,28.41668293
2982,26.37125296
2983,25.17415644
2984,18.07524367
2985,42.13437247
2986,48.01851253
2987,48.28380968
2988,48.10533576
2989,45.25710811
2990,14.99747069
2991,18.57591321
2992,24.68530767
2993,22.35803948
2994,15.83065625
2995,11.7114407
2996,19.76261659
2997,45.52501189
2998,45.39761602
2999,48.81187452
3000,47.70457059
3001,47.41667892
3002,22.7202043
3003,17.4684785
3004,16.58626693
3005,8.033369475
3006,39.09829146
3007,43.80017731
3008,46.98132806
3009,45.07601645
3010,17.83960085
3011,18.22043741
3012,23.93268235
3013,38.31180698
3014,43.95350961
3015,34.68593157
3016,48.62724058
3017,25.52812931
3018,20.24387365
3019,17.45338489
3020,15.27475951
3021,10.00273751
3022,22.01140427
3023,33.84258684
3024,45.95341898
3025,41.80188588
3026,16.22726295
3027,15.32831378
3028,19.11399768
3029,18.21254791
3030,18.46535625
3031,36.19578136
3032,43.93957223
3033,44.91994721
3034,47.03938819
3035,47.45078912
3036,44.46234681
3037,39.66529049
3038,38.51309569
3039,40.96885778
3040,38.59829185
3041,39.78024795
3042,37.4549706
3043,44.35210185
3044,42.97007024
3045,43.11731614
3046,47.63237286
3047,47.85562326
3048,42.7758924
3049,15.02678299
3050,23.78690682
3051,18.63977098
3052,18.95980349
3053,16.22859009
3054,14.96351652
3055,14.30534181
3056,46.05678833
3057,48.39592359
3058,47.91953888
3059,48.62706359
3060,49.07663564
3061,16.12284714
3062,22.40886952
3063,16.93302498
3064,16.18448665
3065,16.32470221
3066,13.79734777
3067,12.57962242
3068,41.69449632
3069,38.01205029
3070,48.27604785
3071,48.33169877
3072,47.89567861
3073,47.59513031
3074,22.6591417
3075,20.1391197
3076,22.04383269
3077,17.6606002
3078,16.62424696
3079,16.78837278
3080,8.375301946
3081,33.677309
3082,41.75600547
3083,43.44538045
3084,48.02110304
3085,47.37877563
3086,47.94657307
3087,23.88494273
3088,15.79798722
3089,16.28842302
3090,18.98336962
3091,15.02679771
3092,15.47223893
3093,13.34766472
3094,36.68464534
3095,35.47438349
3096,48.76247643
3097,47.466744
3098,25.0806506
3099,19.30282357
3100,20.3730138
3101,17.61305227
3102,17.37035668
3103,18.29172367
3104,7.321525465
3105,35.81473457
3106,36.48246413
3107,47.65710407
3108,47.67826821
3109,46.5733085
3110,19.17917912
3111,17.55802509
3112,16.29043229
3113,18.65807453
3114,35.31897954
3115,33.17524172
3116,47.22510241
3117,46.68442467
3118,42.95805669
3119,39.0599715
3120,37.18528034
3121,39.77287643
3122,39.26165149
3123,41.52385951
3124,41.35099806
3125,34.26375788
3126,33.32409572
3127,35.84982289
3128,44.33428219
3129,48.13689385
3130,47.92164683
3131,46.88881919
3132,46.07329673
3133,22.18284352
3134,15.1346025
3135,16.73436931
3136,22.32958513
3137,23.4492551
3138,16.35266109
3139,10.94234711
3140,47.92355214
3141,25.38504827
3142,17.20961026
3143,16.3558851
3144,10.13976421
3145,8.933494729
3146,48.27839323
3147,48.83697046
3148,45.86632901
3149,43.95942469
3150,13.08472447
3151,9.198553253
3152,34.5743475
3153,45.11292566
3154,47.97020017
3155,47.13321616
3156,14.41731707
3157,20.41018783
3158,19.0648211
3159,18.79384069
3160,16.53932045
3161,49.25191374
3162,45.00957094
3163,24.33799389
3164,14.64136172
3165,19.20250501
3166,17.70401834
3167,18.2113749
3168,15.32442045
3169,9.329680907
3170,20.96884726
3171,38.82324986
3172,49.6478545
3173,50.76038803
3174,48.52454384
3175,17.92074358
3176,18.80302479
3177,19.18035021
3178,20.58949585
3179,17.29503138
3180,15.3910471
3181,12.24400947
3182,14.07539603
3183,40.93643974
3184,36.00490151
3185,39.91474036
3186,47.87904934
3187,47.62929219
3188,47.15227434
3189,47.66723633
3190,47.48953946
3191,23.92414297
3192,24.17803029
3193,37.31128533
3194,37.98864581
3195,32.25161831
3196,42.4494625
3197,47.12562224
3198,48.61022892
3199,46.46480811
3200,47.72608184
3201,46.63127747
3202,29.41492983
3203,14.87942634
3204,21.71433974
3205,20.83648795
3206,19.21428285
3207,34.31378673
3208,37.17033225
3209,36.0982448
3210,48.7409057
3211,47.00870616
3212,48.63647805
3213,46.92089244
3214,44.37773392
3215,14.90681674
3216,19.72976776
3217,13.86475212
3218,39.44727579
3219,37.03452508
3220,41.31255319
3221,48.67695458
3222,47.77115584
3223,48.04760403
3224,20.70048955
3225,22.98771297
3226,15.93990524
3227,9.281048866
3228,39.97969896
3229,35.70228866
3230,36.46007996
3231,47.66266848
3232,46.18057225
3233,47.05291817
3234,47.06172549
3235,21.74616452
3236,20.37452005
3237,16.16148083
3238,17.98019542
3239,7.969439181
3240,23.0448574
3241,39.70797221
3242,47.76098775
3243,47.63054749
3244,25.10712306
3245,12.94876804
3246,16.3381761
3247,17.95163103
3248,19.88682674
3249,16.66979902
3250,16.49713454
3251,15.38030962
3252,22.50635136
3253,40.25386889
3254,30.91303131
3255,40.8571004
3256,47.12745968
3257,48.21060157
3258,29.1299312
3259,29.98308323
3260,19.53862822
3261,18.23814576
3262,40.60548788
3263,35.23899262
3264,38.1553383
3265,45.63600083
3266,47.98214925
3267,32.18818568
3268,29.97583182
3269,36.05853904
3270,44.8830196
3271,42.11555526
3272,36.92204646
3273,47.18728293
3274,46.61632742
3275,15.39535248
3276,13.47796114
3277,14.8560632
3278,18.87564101
3279,26.18574347
3280,33.74265102
3281,46.79769659
3282,47.98352223
3283,47.30219269
3284,29.96015003
3285,25.19702859
3286,20.06554461
3287,21.69831763
3288,16.65161001
3289,17.08323246
3290,14.69420648
3291,11.14311018
3292,36.70394811
3293,40.33012706
3294,37.83864685
3295,42.95220852
3296,47.14731533
3297,48.34765017
3298,43.77401032
3299,22.82906414
3300,20.52034325
3301,17.19900366
3302,49.23638811
3303,47.76350831
3304,49.28984877
3305,47.99978669
3306,26.88888436
3307,18.28454683
3308,18.07113739
3309,16.75668557
3310,16.04110021
3311,10.72174888
3312,18.36520102
3313,33.0546552
3314,48.72997751
3315,50.29609867
3316,47.37427301
3317,44.64723708
3318,23.70553025
3319,16.41622816
3320,17.06490191
3321,23.06896694
3322,23.27794869
3323,14.26314236
3324,14.48228473
3325,10.07450537
3326,7.134449156
3327,16.21481551
3328,36.30282237
3329,42.27703331
3330,47.76003737
3331,47.90792778
3332,24.47134148
3333,27.5741557
3334,45.73718996
3335,47.11664815
3336,46.40539619
3337,46.54434113
3338,43.61313662
3339,41.5660016
3340,42.65320175
3341,42.14550378
3342,38.71719623
3343,42.56945198
3344,27.80450798
3345,39.48905453
3346,46.88264349
3347,47.23973363
3348,46.15201006
3349,44.21923189
3350,23.8841163
3351,16.49206818
3352,17.78266539
3353,14.68050353
3354,11.63165101
3355,19.5579517
3356,39.03545584
3357,45.58810557
3358,47.41576956
3359,48.33100884
3360,24.9834043
3361,22.33156768
3362,21.59837632
3363,15.59620082
3364,12.11853152
3365,17.45787768
3366,38.58811991
3367,47.97268993
3368,46.28193839
3369,24.33490722
3370,16.7099359
3371,38.6155595
3372,41.95890551
3373,46.50827345
3374,48.06359228
3375,48.44216947
3376,48.72615753
3377,27.9176881
3378,13.96780124
3379,13.57096425
3380,19.91126982
3381,15.74046652
3382,14.67932073
3383,13.97639164
3384,7.399390373
3385,14.58091229
3386,27.93704138
3387,47.29518029
3388,27.28174045
3389,23.54560163
3390,10.06586513
3391,14.36926624
3392,29.91997812
3393,48.65131205
3394,49.0730702
3395,47.93612618
3396,47.69635426
3397,20.94711724
3398,23.16850622
3399,16.03454822
3400,22.70304626
3401,24.88114823
3402,21.12694125
3403,20.00941488
3404,23.31751919
3405,45.12290876
3406,47.07438262
3407,46.76809522
3408,46.99032239
3409,46.87707793
3410,45.71100876
3411,38.71983781
3412,38.38167317
3413,39.08539597
3414,31.89212343
3415,47.20293866
3416,45.69919018
3417,18.37813118
3418,25.87090739
3419,19.2013843
3420,16.77423117
3421,11.69018084
3422,12.47924357
3423,40.31469366
3424,49.06908854
3425,48.78336817
3426,48.3688237
3427,46.2296764
3428,31.49751731
3429,35.97509458
3430,32.11039
3431,27.2839902
3432,27.68068279
3433,20.00090232
3434,20.22697124
3435,34.28656024
3436,42.23354129
3437,47.96232942
3438,50.79547997
3439,48.62110381
3440,48.75939491
3441,34.39583542
3442,28.45833306
3443,26.76128727
3444,20.48769495
3445,19.65882807
3446,34.50626414
3447,41.77798727
3448,48.31343263
3449,47.31323597
3450,48.3507913
3451,47.18773857
3452,45.19953292
3453,39.94275804
3454,25.24990146
3455,20.28391994
3456,19.85252665
3457,20.60380353
3458,10.32704369
3459,45.73240366
3460,48.30940362
3461,48.71236405
3462,47.22174706
3463,45.94610748
3464,20.9239991
3465,17.19324599
3466,18.076204
3467,20.39462394
3468,12.01461867
3469,39.59180102
3470,47.88606451
3471,44.08053432
3472,31.75287684
3473,24.86928381
3474,23.96953898
3475,24.58180074
3476,35.04625111
3477,39.84071784
3478,35.98068616
3479,45.06174525
3480,47.58904396
3481,47.26787138
3482,47.37028801
3483,47.25838656
3484,47.18937296
3485,46.77581433
3486,45.52503616
3487,44.43523794
3488,42.8161903
3489,40.36751955
3490,40.83612042
3491,43.5999216
3492,43.50433612
3493,49.14579908
3494,46.20912771
3495,45.07479882
3496,31.26676146
3497,20.495708
3498,16.01820593
3499,13.78249074
3500,24.45842126
3501,46.60961008
3502,43.46599733
3503,44.97386049
